Actual,Predicted
1.184267837229202591e-01,1.859685480594635010e-01
7.994896808651930087e-02,1.501276493072509766e-01
7.459555972927134349e-02,1.327314823865890503e-01
1.218742180718463963e-01,1.127760410308837891e-01
1.173857574007084459e-01,1.312483400106430054e-01
1.105001559994938098e-01,1.684229969978332520e-01
7.341552395750605697e-02,1.840421855449676514e-01
1.937668162820225248e-01,1.735254824161529541e-01
1.836932648377138655e-01,1.933957040309906006e-01
2.115754713192612435e-01,1.873720884323120117e-01
9.963579524217003325e-02,2.020598202943801880e-01
1.189148613457970960e-01,1.717846244573593140e-01
7.175976695838093278e-02,1.694827377796173096e-01
6.857181691528735357e-02,1.424931287765502930e-01
1.410173638247984584e-01,1.352735161781311035e-01
1.487215764289402387e-01,1.652047038078308105e-01
1.057923693079496630e-01,1.982897818088531494e-01
1.213768731523328093e-01,2.185652554035186768e-01
2.445423345555868266e-01,2.373811751604080200e-01
3.018883661447118172e-01,2.744114696979522705e-01
2.536860672373260073e-01,3.082194328308105469e-01
2.427197662169966463e-01,2.874976396560668945e-01
2.970353918058559195e-01,2.597775459289550781e-01
9.165665283780111139e-02,2.688581645488739014e-01
4.140597246377262231e-01,2.102304548025131226e-01
3.693882657489986343e-01,3.010919690132141113e-01
4.328908714039028105e-01,3.541439175605773926e-01
4.384821403748313529e-01,4.086410105228424072e-01
3.604854827798185113e-01,4.428583085536956787e-01
3.547026896783935790e-01,4.247521460056304932e-01
4.189528572620080382e-01,4.138011336326599121e-01
5.775070354226965463e-01,4.362111985683441162e-01
5.383310834396497491e-01,5.002579689025878906e-01
4.976908985879728853e-01,5.154039859771728516e-01
3.765858661369891891e-01,5.103070735931396484e-01
3.631760879033976153e-01,4.573447108268737793e-01
4.348370036976509923e-01,4.223369956016540527e-01
4.424608997309391611e-01,4.260342717170715332e-01
3.848584729348600852e-01,4.603713154792785645e-01
3.991084860635303322e-01,4.548373818397521973e-01
4.099944705130065259e-01,4.839400649070739746e-01
4.754555648571758830e-01,5.230576992034912109e-01
5.663615666673873505e-01,5.666032433509826660e-01
5.275841084397274727e-01,6.314418315887451172e-01
5.210691989039877292e-01,6.332035064697265625e-01
5.375618978187874930e-01,5.889691710472106934e-01
6.108013431401926319e-01,5.182974338531494141e-01
4.272779787408214069e-01,4.899878203868865967e-01
3.954479038919558320e-01,4.196164608001708984e-01
2.998155807969253850e-01,3.701895177364349365e-01
3.766476481145684119e-01,3.230836689472198486e-01
4.210071080165205260e-01,3.490392863750457764e-01
4.213098397066592504e-01,3.913122117519378662e-01
4.209885734232465815e-01,4.325249791145324707e-01
3.583107571690260507e-01,4.697676301002502441e-01
5.121231685505018838e-01,4.503115415573120117e-01
4.693854855600072540e-01,4.934625625610351562e-01
5.056329718057943623e-01,4.820668101310729980e-01
3.797954398722351854e-01,4.799192547798156738e-01
4.479347829444675355e-01,4.441251754760742188e-01
4.207630692050821075e-01,4.442274868488311768e-01
4.029451468712061946e-01,4.582772254943847656e-01
4.594262307742207341e-01,4.494944810867309570e-01
3.944470358551703804e-01,4.829915761947631836e-01
3.557993197804272256e-01,4.987351000308990479e-01
4.473941906406486702e-01,4.841557145118713379e-01
5.732965936506664306e-01,5.433048009872436523e-01
5.521331772308699648e-01,6.377592086791992188e-01
5.400826025040235123e-01,6.604617238044738770e-01
5.828789783732188923e-01,6.107852458953857422e-01
5.941078527982601720e-01,5.423284769058227539e-01
3.798325090587826303e-01,4.752441942691802979e-01
4.292117546390543659e-01,3.807691335678100586e-01
4.175442281731993610e-01,3.693313598632812500e-01
3.775095067017999462e-01,3.873109221458435059e-01
4.083974063925808196e-01,3.997322618961334229e-01
3.879908191981318311e-01,4.192301034927368164e-01
4.542334555586791112e-01,4.451920390129089355e-01
3.842004948736401637e-01,4.734844565391540527e-01
5.614931468341368692e-01,4.734381735324859619e-01
5.104334314637077874e-01,5.163313150405883789e-01
4.408576574127565095e-01,5.046838521957397461e-01
3.277008763773516797e-01,4.770857095718383789e-01
4.005232933500968429e-01,4.158410429954528809e-01
4.576932463031213594e-01,4.184100627899169922e-01
4.538720309898400807e-01,4.340823292732238770e-01
4.144211492065648095e-01,4.681589901447296143e-01
3.809322282596943055e-01,4.830879569053649902e-01
3.927851006582869786e-01,4.823219180107116699e-01
4.159409858550158212e-01,5.071884393692016602e-01
6.042524535167843602e-01,5.368660688400268555e-01
5.850444366873737145e-01,6.118462681770324707e-01
5.998381312187421877e-01,6.214615106582641602e-01
5.878060910851696796e-01,5.805463194847106934e-01
5.987507684133461794e-01,5.379928350448608398e-01
3.244356988622847382e-01,5.001011490821838379e-01
3.751679697515437617e-01,3.947256803512573242e-01
3.673000349068171744e-01,3.733893036842346191e-01
3.637784621847961475e-01,3.664179742336273193e-01
4.084622774690394031e-01,3.786725103855133057e-01
3.546069276131458281e-01,4.192618727684020996e-01
3.732712630398586917e-01,4.281718432903289795e-01
4.045978147714528461e-01,4.471522271633148193e-01
4.461183928036351887e-01,4.687106013298034668e-01
4.875401196716904195e-01,4.692928194999694824e-01
5.292429545377319577e-01,4.740935862064361572e-01
3.628301088289536125e-01,4.791251122951507568e-01
4.377747367315478755e-01,4.273117780685424805e-01
3.783713652890314805e-01,4.167650640010833740e-01
4.183257701895781722e-01,4.187074899673461914e-01
3.672506093247540626e-01,4.213048815727233887e-01
4.250600057457236680e-01,4.195758104324340820e-01
3.970017206280753719e-01,4.602004289627075195e-01
4.255357269730848380e-01,4.788403511047363281e-01
5.437370064778401790e-01,5.224462747573852539e-01
5.845594481633762385e-01,6.091397404670715332e-01
5.953404032509674870e-01,6.884036660194396973e-01
5.683849264331102269e-01,6.803758144378662109e-01
5.461681272955867250e-01,6.078031063079833984e-01
3.995934745875278082e-01,5.009599924087524414e-01
3.613905887513557680e-01,3.952828049659729004e-01
4.157772636144310141e-01,3.539804220199584961e-01
4.313494110632989376e-01,3.618519306182861328e-01
4.663149212743151750e-01,3.963814377784729004e-01
4.567541602439151305e-01,4.529859125614166260e-01
3.720263561916352657e-01,4.774179458618164062e-01
4.161170644911176275e-01,4.679452180862426758e-01
5.006317207207486852e-01,4.726379811763763428e-01
5.507121917465456207e-01,4.935225248336791992e-01
4.792736910715773568e-01,5.073089003562927246e-01
4.408051427318140369e-01,4.842845797538757324e-01
3.716680207216751519e-01,4.612526297569274902e-01
4.043259740701041771e-01,4.347276389598846436e-01
3.754676123428035694e-01,4.295627474784851074e-01
3.354143562781302101e-01,4.188323616981506348e-01
3.747293177107304807e-01,4.002819955348968506e-01
3.987099923081438568e-01,4.285458326339721680e-01
4.611221460587731080e-01,4.719489216804504395e-01
5.236393291712877485e-01,5.459591150283813477e-01
5.414912315928317454e-01,6.216181516647338867e-01
5.105539063199873162e-01,6.396642923355102539e-01
6.067700691031414628e-01,5.725740194320678711e-01
5.468755309388697583e-01,5.103363394737243652e-01
3.957135663955466676e-01,4.389374554157257080e-01
1.074604827025908982e-01,3.793402910232543945e-01
4.804475486455883626e-02,2.575895488262176514e-01
6.598624115359319475e-02,1.775630712509155273e-01
8.507069402784539491e-02,1.327123492956161499e-01
1.431859112378330856e-01,1.111404448747634888e-01
2.770612784544645990e-02,1.368199437856674194e-01
1.404180786422788429e-01,1.319786012172698975e-01
2.211084304597505934e-01,1.792656183242797852e-01
1.411131258900462093e-01,2.368363440036773682e-01
1.966396782394603804e-01,1.997475475072860718e-01
1.634936472681554065e-01,1.718468964099884033e-01
8.066872812531888925e-02,1.627485603094100952e-01
9.988910135024520187e-02,1.238485127687454224e-01
2.227024054812969389e-01,1.264653205871582031e-01
1.324327580401525317e-01,1.892643719911575317e-01
1.107874421952375066e-01,1.994839012622833252e-01
1.026662012424357506e-01,2.041991353034973145e-01
1.341811880056469342e-01,2.122958302497863770e-01
2.866035048915884786e-01,2.352641522884368896e-01
1.813023023053945693e-01,3.256609439849853516e-01
1.784047275569244917e-01,3.339083194732666016e-01
2.242160639319901172e-01,3.110757768154144287e-01
2.555117246747955484e-01,2.849442064762115479e-01
1.231531050077383505e-01,2.585648298263549805e-01
5.720393304069260054e-02,2.091217488050460815e-01
1.127613763788968271e-01,1.484750956296920776e-01
1.176884890908471704e-01,1.339721381664276123e-01
8.884866195682095125e-02,1.348478347063064575e-01
1.005378121148283732e-01,1.434965431690216064e-01
9.342052829769009747e-02,1.612405627965927124e-01
1.375637512781144878e-01,1.631813943386077881e-01
2.086439164831226378e-01,1.772967576980590820e-01
1.660483320410603980e-01,2.021033614873886108e-01
2.437947726268774318e-01,2.120788395404815674e-01
6.966535791844163938e-02,2.330686748027801514e-01
5.685486486736968104e-02,1.773571670055389404e-01
1.112631634225982324e-01,1.487805098295211792e-01
1.110747283909807592e-01,1.549735516309738159e-01
1.230480756458534053e-01,1.599889397621154785e-01
7.656022661629391379e-02,1.721756607294082642e-01
1.534571650103950802e-01,1.666673719882965088e-01
1.839156799569998668e-01,2.020426094532012939e-01
2.604110354968351970e-01,2.315247207880020142e-01
2.729280641544056252e-01,2.885098457336425781e-01
1.828066934594509974e-01,3.192956447601318359e-01
2.450921941560424422e-01,2.667401432991027832e-01
2.354140473682422297e-01,2.613323330879211426e-01
9.452951479523896694e-02,2.486758828163146973e-01
3.838823176891068556e-01,1.778953671455383301e-01
3.875799690472292447e-01,2.752501964569091797e-01
3.543227305162810481e-01,3.572083115577697754e-01
3.901933466988345423e-01,3.922823965549468994e-01
3.696415718570738029e-01,4.241723120212554932e-01
4.374781832391674286e-01,4.264539182186126709e-01
4.205004958003697446e-01,4.420356750488281250e-01
5.178565360698628162e-01,4.446717500686645508e-01
5.417692504919386920e-01,4.654906094074249268e-01
4.749335071466305180e-01,4.961051344871520996e-01
4.182547209153621992e-01,4.899568855762481689e-01
4.479286047467092580e-01,4.756336212158203125e-01
3.750351384997481219e-01,4.690707027912139893e-01
3.330357501413261367e-01,4.520463347434997559e-01
3.826528563352789014e-01,4.253197610378265381e-01
4.437119847769208647e-01,4.423915147781372070e-01
3.729252839654142448e-01,4.981311857700347900e-01
3.910150470006397150e-01,5.194618701934814453e-01
5.350442822324299463e-01,5.567863583564758301e-01
5.568903895044776675e-01,6.217054128646850586e-01
5.250788492488855930e-01,6.270769834518432617e-01
5.089691985950781650e-01,5.549391508102416992e-01
5.476045582743060969e-01,4.717613458633422852e-01
3.982311819819037702e-01,4.355283975601196289e-01
4.496430546245351323e-01,3.932236135005950928e-01
4.107111414529271975e-01,4.054203033447265625e-01
3.648194885070075166e-01,4.067205190658569336e-01
3.811330196868274456e-01,3.963842988014221191e-01
4.347041724458562406e-01,4.084033071994781494e-01
3.925441509457274769e-01,4.364912509918212891e-01
3.677355978487515387e-01,4.412694871425628662e-01
5.086139522239965238e-01,4.371468722820281982e-01
4.762803542578590843e-01,4.781905412673950195e-01
5.232871718990850241e-01,4.894451797008514404e-01
4.217114225609246425e-01,5.020835399627685547e-01
3.657215053796654125e-01,4.716654419898986816e-01
4.744238058316012641e-01,4.200023412704467773e-01
4.036988869976738670e-01,4.375491738319396973e-01
3.095122621779999861e-01,4.429118037223815918e-01
4.223632224243867306e-01,4.162410795688629150e-01
3.119402938968671712e-01,4.458950757980346680e-01
4.468010836558868881e-01,4.453843832015991211e-01
5.660619240761279869e-01,5.144969224929809570e-01
5.585276119103292913e-01,5.960091352462768555e-01
5.608073668830066971e-01,6.288202404975891113e-01
5.825453556942901123e-01,6.126758456230163574e-01
5.429956227468886176e-01,5.647149682044982910e-01
4.047368242210067635e-01,4.944820404052734375e-01
4.094909473957351054e-01,4.089992642402648926e-01
2.983111896428694010e-01,3.785160779953002930e-01
4.271358801923894610e-01,3.405503034591674805e-01
4.333913054222953143e-01,3.787756860256195068e-01
4.218751448015098937e-01,4.299591183662414551e-01
4.192555889521467627e-01,4.686677753925323486e-01
4.642822942119555485e-01,4.870308935642242432e-01
5.007769083680599920e-01,5.118185877799987793e-01
5.020527062050725853e-01,5.212333202362060547e-01
4.782357538482453485e-01,5.147591829299926758e-01
3.341632712321489507e-01,4.759823679924011230e-01
4.220790253275215065e-01,4.033445417881011963e-01
3.849326113079554190e-01,4.133992493152618408e-01
3.337585992790041978e-01,4.055663943290710449e-01
4.023180597987763285e-01,4.038513302803039551e-01
4.012801225754434320e-01,4.322957992553710938e-01
3.965723358838992851e-01,4.676240086555480957e-01
4.101334799625599992e-01,5.136064887046813965e-01
5.029300102866991473e-01,5.553632974624633789e-01
5.975738217404602537e-01,6.248162984848022461e-01
5.768645028558716525e-01,6.485601067543029785e-01
6.068627420695111852e-01,5.885055065155029297e-01
5.402370574479720133e-01,5.238028764724731445e-01
4.210503554008262483e-01,4.551810920238494873e-01
3.358344737256695467e-01,4.064007997512817383e-01
3.742103490990644765e-01,3.711726069450378418e-01
3.542393248465489641e-01,3.881620168685913086e-01
4.147393263910985617e-01,3.954008221626281738e-01
3.641645995446669559e-01,4.207536280155181885e-01
3.888928360707897269e-01,4.377294182777404785e-01
4.049592393402918766e-01,4.608072936534881592e-01
4.873084372557681121e-01,4.747962355613708496e-01
4.536218139806438288e-01,4.943196773529052734e-01
5.634300118312487449e-01,4.710747003555297852e-01
4.093828289349712435e-01,5.034739971160888672e-01
4.664570198227475650e-01,4.460240602493286133e-01
3.668552046682460599e-01,4.315653741359710693e-01
3.911787692412245221e-01,4.106313288211822510e-01
4.083325353161231241e-01,4.124113321304321289e-01
4.619129553717886694e-01,4.234577417373657227e-01
4.661944464180352021e-01,4.680784344673156738e-01
3.890133109270692557e-01,5.122924447059631348e-01
5.337499498021434086e-01,5.342996716499328613e-01
5.605973081592368068e-01,6.110584735870361328e-01
6.052934798389961735e-01,6.427863836288452148e-01
5.658302416602052354e-01,6.588419079780578613e-01
5.725953682051407867e-01,5.790998935699462891e-01
4.492600063635436847e-01,5.094316005706787109e-01
4.432795109338654171e-01,4.361564218997955322e-01
4.447128528137058723e-01,3.971444368362426758e-01
4.313154309756299654e-01,3.963119387626647949e-01
4.583759371553726147e-01,4.092717468738555908e-01
3.632131570899455042e-01,4.344481825828552246e-01
4.916331756863203672e-01,4.248948395252227783e-01
4.475610019801123940e-01,4.716651141643524170e-01
4.996184962884475667e-01,4.809879362583160400e-01
5.466994523027688402e-01,5.036958456039428711e-01
4.926834693051689307e-01,5.331612229347229004e-01
4.258569932564970628e-01,5.049299001693725586e-01
4.302002662803237065e-01,4.549995362758636475e-01
4.402151248459307276e-01,4.398026168346405029e-01
3.912158384277724110e-01,4.313321709632873535e-01
4.410028450600678163e-01,4.245672821998596191e-01
3.918738164889918885e-01,4.576063156127929688e-01
4.353528832104385238e-01,4.737932682037353516e-01
4.075911515851711187e-01,5.135824680328369141e-01
4.963316950812282080e-01,5.491294860839843750e-01
5.366351681550973751e-01,5.787323117256164551e-01
5.953836506352732094e-01,5.892289876937866211e-01
5.526892150290838579e-01,5.804286003112792969e-01
6.089324383184178124e-01,5.209745168685913086e-01
3.632780281664036437e-01,4.946008920669555664e-01
1.461576243593984969e-01,4.062408208847045898e-01
1.185905059635050662e-01,2.908974885940551758e-01
1.112044705438974823e-01,2.152725309133529663e-01
7.667143417593669241e-02,1.691107153892517090e-01
1.281358214995105271e-01,1.389960795640945435e-01
8.295157219687476768e-02,1.560125499963760376e-01
9.677220058136848380e-02,1.549731194972991943e-01
2.031762114673529851e-01,1.808218955993652344e-01
1.948325553952656719e-01,2.251730859279632568e-01
2.464884668493354525e-01,2.234708964824676514e-01
2.433592096849457320e-02,2.138038575649261475e-01
1.137375316246500567e-01,1.322457343339920044e-01
1.069044449043770051e-01,1.192577928304672241e-01
1.200362042388616324e-01,1.247759759426116943e-01
1.001763875459893427e-01,1.455109715461730957e-01
1.583070502503716170e-01,1.657010614871978760e-01
1.107967094918742568e-01,1.991935372352600098e-01
1.252784050364672552e-01,2.238633930683135986e-01
2.942891829024554262e-01,2.449623346328735352e-01
2.631417989058411067e-01,3.209809660911560059e-01
2.141641361798352072e-01,3.502892851829528809e-01
2.454011040439394442e-01,3.114872574806213379e-01
2.566145329745861403e-01,2.835023403167724609e-01
5.931378757502647758e-02,2.653172612190246582e-01
9.396420970038832365e-02,1.912505924701690674e-01
1.178213203426428102e-01,1.675654351711273193e-01
1.949406738560290897e-01,1.622783541679382324e-01
1.341070496325520445e-01,1.936096549034118652e-01
1.261989565023986515e-01,2.040820568799972534e-01
1.830229303809782770e-01,2.123692035675048828e-01
1.421417958167427997e-01,2.435121536254882812e-01
2.354109582693628688e-01,2.258991003036499023e-01
1.933065405490563826e-01,2.350508570671081543e-01
1.614795547990692803e-01,2.317045629024505615e-01
1.300510628044690975e-01,2.175551056861877441e-01
1.878975284119870359e-01,2.015777975320816040e-01
1.764369715710230047e-01,2.142034322023391724e-01
1.447366388750741528e-01,2.226962149143218994e-01
9.490020666071519173e-02,2.297912836074829102e-01
6.286934038471647668e-02,2.216465771198272705e-01
8.987115368575837593e-02,2.068172991275787354e-01
1.284231076952542239e-01,2.014426589012145996e-01
2.437546143414501820e-01,2.126830518245697021e-01
2.983606152249329568e-01,2.660010755062103271e-01
2.060120042382433958e-01,3.115488290786743164e-01
2.564415434373636948e-01,2.873809933662414551e-01
2.327944915188790986e-01,2.746011316776275635e-01
1.570961234898171632e-01,2.502547800540924072e-01
4.283684306450967760e-01,2.183412462472915649e-01
3.774508138231000842e-01,3.228819370269775391e-01
4.399216604524296415e-01,3.662854433059692383e-01
3.481012853740437230e-01,4.167243540287017822e-01
3.420312060768755380e-01,4.200064241886138916e-01
3.754428995517717915e-01,4.023669064044952393e-01
3.347502000191520111e-01,4.099628627300262451e-01
5.013885499460952744e-01,3.988268971443176270e-01
5.025685857178601168e-01,4.526354670524597168e-01
4.905303673865297753e-01,4.953830540180206299e-01
4.282325102944222195e-01,5.077190995216369629e-01
3.814388404758450868e-01,4.932306408882141113e-01
3.601518601008901754e-01,4.642488360404968262e-01
3.787018988690808996e-01,4.425576329231262207e-01
3.630154547616912808e-01,4.268105030059814453e-01
3.855782329736592295e-01,4.318824410438537598e-01
4.303485430265139300e-01,4.543870687484741211e-01
3.431463707721817968e-01,5.159286260604858398e-01
5.513547243133705145e-01,5.098778009414672852e-01
5.994427265622346290e-01,5.769200325012207031e-01
6.036747920264180500e-01,6.231431365013122559e-01
5.386647061185780849e-01,6.136364936828613281e-01
6.459892684704944266e-01,5.336261391639709473e-01
3.692739690904764949e-01,5.091286897659301758e-01
3.997849987180237541e-01,4.220540225505828857e-01
3.648750922868289059e-01,3.745016455650329590e-01
4.243093547181349123e-01,3.636095523834228516e-01
5.120953666605911891e-01,3.888273835182189941e-01
4.766016205412717532e-01,4.527578949928283691e-01
4.396312851578065839e-01,4.923723340034484863e-01
3.857357770164866473e-01,5.014148354530334473e-01
4.993373882904617034e-01,4.902212917804718018e-01
5.469342238175700643e-01,4.993779063224792480e-01
5.333452778489986557e-01,5.197233557701110840e-01
4.113289612287203134e-01,5.041457414627075195e-01
4.135160432350279969e-01,4.580015540122985840e-01
4.473880124428903926e-01,4.393038153648376465e-01
4.565719034100563789e-01,4.375001192092895508e-01
3.526237261328497574e-01,4.559030830860137939e-01
4.166700131904521598e-01,4.336870908737182617e-01
4.296874758664146476e-01,4.616927206516265869e-01
3.885283224030717797e-01,4.902424216270446777e-01
6.113573809384060809e-01,5.254223942756652832e-01
5.532514310250555845e-01,6.404869556427001953e-01
6.123860508651017831e-01,6.614092588424682617e-01
5.502920742990058400e-01,6.510032415390014648e-01
5.735591670553783494e-01,5.575617551803588867e-01
4.170499723525646907e-01,4.881437420845031738e-01
4.698890086772786745e-01,3.974622786045074463e-01
4.357235750759147486e-01,3.876630067825317383e-01
3.912899768008673007e-01,3.833949863910675049e-01
3.981632218065667139e-01,3.919131159782409668e-01
3.980180341592554072e-01,4.014528393745422363e-01
4.089410877952790457e-01,4.326372146606445312e-01
3.732403720510690803e-01,4.441466927528381348e-01
5.025469620257072556e-01,4.425265192985534668e-01
5.562756588275634684e-01,4.870279431343078613e-01
5.546291691250746503e-01,5.015126466751098633e-01
3.502482090949246007e-01,5.064265727996826172e-01
3.443789212248891118e-01,4.403070211410522461e-01
3.862671020236687625e-01,4.001979231834411621e-01
3.423061358771035678e-01,4.038369655609130859e-01
3.614214797401449353e-01,3.829721808433532715e-01
4.212758596189902782e-01,3.998916447162628174e-01
4.068497678542195573e-01,4.437751173973083496e-01
3.444623268946216399e-01,4.779643714427947998e-01
6.073168396047186057e-01,4.857595562934875488e-01
5.483026946209523800e-01,6.072974205017089844e-01
5.447347854157462699e-01,6.525914669036865234e-01
6.016298085685423125e-01,6.135751008987426758e-01
5.791782379162171424e-01,5.525687336921691895e-01
4.066829565147549452e-01,4.893153011798858643e-01
3.899215059974854292e-01,4.133543968200683594e-01
4.293692986818817836e-01,3.686183393001556396e-01
3.922105282667991411e-01,3.934958875179290771e-01
3.997911769157820316e-01,4.030270874500274658e-01
3.646434098709065985e-01,4.283136129379272461e-01
4.506099425736520558e-01,4.334957599639892578e-01
4.658083090581643937e-01,4.703843593597412109e-01
5.134175009807888657e-01,5.004399418830871582e-01
4.875401196716904195e-01,5.247690677642822266e-01
5.402370574479720133e-01,5.108541846275329590e-01
4.300767023251643728e-01,4.909234642982482910e-01
3.918058563136548322e-01,4.544697403907775879e-01
4.509281197581853640e-01,4.170655310153961182e-01
3.925225272535746157e-01,4.387214779853820801e-01
3.605781557461873454e-01,4.257573485374450684e-01
4.058149197297655775e-01,4.100632965564727783e-01
4.484506624572550670e-01,4.441157281398773193e-01
4.120641667619140414e-01,4.992286264896392822e-01
5.204760919192263913e-01,5.339343547821044922e-01
5.490039200664771357e-01,6.017987132072448730e-01
6.082929948504718354e-01,6.274929046630859375e-01
5.740966702603187422e-01,6.186565160751342773e-01
5.632446658985106325e-01,5.437083244323730469e-01
4.034208680985669204e-01,4.636985063552856445e-01
4.482869402166693718e-01,3.865727782249450684e-01
4.458681757944389368e-01,3.942268788814544678e-01
3.563151992932143131e-01,4.071413874626159668e-01
4.430972541000066656e-01,4.003257155418395996e-01
4.273984535971009358e-01,4.436218738555908203e-01
4.673065220144629883e-01,4.709843397140502930e-01
4.056913557746071319e-01,5.021055936813354492e-01
5.476447165597320144e-01,4.956624209880828857e-01
5.229442819235203821e-01,5.248719453811645508e-01
4.642699378164394375e-01,5.157387852668762207e-01
4.460875018148455773e-01,4.687274396419525146e-01
4.382597252555453515e-01,4.622687399387359619e-01
3.841634256870927189e-01,4.455257058143615723e-01
4.189868373496765663e-01,4.089186191558837891e-01
4.863878857898362718e-01,4.228097796440124512e-01
3.903508907416619600e-01,4.704997837543487549e-01
4.351737154754586889e-01,4.820451736450195312e-01
3.676676376734144824e-01,5.225439071655273438e-01
5.428040986163922277e-01,5.383787155151367188e-01
5.939935561397384767e-01,6.040157675743103027e-01
5.734603158912512377e-01,6.541470289230346680e-01
5.564857175513333587e-01,6.161503195762634277e-01
6.270561814413113666e-01,5.268871188163757324e-01
3.740836960450266702e-01,4.828779399394989014e-01
1.149391910885673163e-01,3.814362287521362305e-01
1.385800648092945231e-01,2.600340843200683594e-01
8.804549624828972298e-02,2.068249285221099854e-01
1.392287755738776944e-01,1.691532433032989502e-01
1.601883114676616593e-01,1.530056595802307129e-01
1.161037813659380191e-01,1.654040515422821045e-01
9.494963224277874758e-02,1.847123205661773682e-01
1.968095786778039091e-01,2.085658311843872070e-01
1.091038833062007996e-01,2.256877571344375610e-01
2.456853011408042242e-01,1.699730455875396729e-01
1.301591812652334035e-01,1.944149285554885864e-01
1.138116699977449464e-01,1.640363782644271851e-01
5.856622564631663863e-02,1.507071554660797119e-01
1.614610202057957800e-01,1.321330964565277100e-01
1.041304341110653731e-01,1.675692498683929443e-01
1.413046500205425993e-01,1.687496155500411987e-01
1.199280857780973264e-01,2.053402513265609741e-01
6.048764514903348655e-02,2.411952167749404907e-01
3.082395534398658654e-01,2.499162256717681885e-01
3.011964079958238116e-01,3.318624794483184814e-01
2.895350597277270843e-01,3.684676885604858398e-01
2.728848167701003469e-01,3.606017827987670898e-01
2.168238503146246998e-01,3.277776837348937988e-01
1.525644154343739345e-01,2.821941375732421875e-01
2.020888486619569768e-01,2.349793463945388794e-01
1.246574961617947785e-01,2.308486700057983398e-01
1.253803452994728396e-01,2.140031903982162476e-01
7.950722694682754721e-02,2.018734663724899292e-01
4.360263067660508085e-02,1.782764643430709839e-01
1.070403652550515616e-01,1.493892222642898560e-01
1.752754703925316626e-01,1.625050008296966553e-01
2.582023297983746524e-01,1.971476823091506958e-01
2.059656677550592008e-01,2.480093985795974731e-01
2.243365387882705342e-01,2.542027831077575684e-01
7.518866671403268143e-02,2.479084134101867676e-01
1.244752393279360270e-01,1.857275962829589844e-01
1.009115930791830706e-01,1.662688106298446655e-01
1.223777411891178168e-01,1.448039114475250244e-01
1.101696224194443907e-01,1.405038237571716309e-01
1.095085552593451084e-01,1.497766077518463135e-01
1.572876476203126650e-01,1.639324575662612915e-01
1.931520856051083257e-01,2.163004279136657715e-01
2.549340631844283500e-01,2.718265354633331299e-01
3.138030205208837131e-01,3.157559931278228760e-01
2.151897170076519927e-01,3.529849052429199219e-01
2.577945687463509827e-01,3.069227933883666992e-01
2.131663572419286723e-01,2.833238840103149414e-01
1.087733497261513804e-01,2.570874691009521484e-01
4.347844890167085197e-01,2.006328850984573364e-01
4.497233711953887436e-01,3.129456639289855957e-01
3.793969461168482660e-01,3.984716236591339111e-01
4.252360843818245861e-01,4.168764352798461914e-01
4.538504072976872195e-01,4.466667175292968750e-01
4.485773155112924293e-01,4.727257490158081055e-01
4.178531380610959189e-01,4.852266907691955566e-01
4.837219934572885016e-01,4.681399166584014893e-01
4.800274311980454733e-01,4.860733151435852051e-01
4.743249546674737083e-01,4.838559031486511230e-01
4.070845393690203373e-01,4.927043914794921875e-01
3.777411891177222536e-01,4.814650714397430420e-01
4.333882163234163976e-01,4.603470265865325928e-01
4.167194387725157156e-01,4.759344756603240967e-01
4.150389689823579253e-01,4.797063171863555908e-01
3.400294700033050788e-01,5.092480182647705078e-01
4.092839777708445759e-01,5.103811025619506836e-01
3.912374621199248281e-01,5.492169260978698730e-01
6.442531949005152470e-01,5.552499294281005859e-01
5.165004216619970556e-01,6.471296548843383789e-01
5.563312626073848577e-01,6.148043274879455566e-01
5.781464788906425234e-01,5.504325628280639648e-01
5.278868401298657531e-01,4.973385632038116455e-01
4.797339668045430550e-01,4.520766437053680420e-01
4.804938851287690049e-01,4.324744641780853271e-01
3.764345002919196048e-01,4.283832013607025146e-01
3.863165276057318742e-01,4.071754515171051025e-01
4.878366731640717546e-01,4.152024984359741211e-01
4.599760903746767937e-01,4.549286961555480957e-01
3.945644216125714365e-01,4.747822880744934082e-01
4.242475727405561337e-01,4.574940800666809082e-01
4.541562280867048607e-01,4.635499119758605957e-01
5.869936580800017012e-01,4.588900506496429443e-01
5.082617949517946876e-01,5.049431324005126953e-01
4.299624056666431215e-01,4.869516491889953613e-01
3.735925293232713607e-01,4.457452297210693359e-01
3.661416228272051931e-01,4.199879765510559082e-01
4.249766000759915840e-01,4.086223244667053223e-01
4.792922256648508572e-01,4.287040531635284424e-01
3.882194125151752218e-01,4.608639478683471680e-01
3.719614851151771262e-01,4.691154360771179199e-01
4.195675879389226814e-01,4.832913279533386230e-01
6.246343279202020149e-01,5.316336154937744141e-01
5.402741266345199023e-01,6.341712474822998047e-01
5.546816838060171229e-01,6.520075798034667969e-01
5.949758895832499839e-01,6.136580705642700195e-01
5.989546489393577922e-01,5.594412684440612793e-01
3.977122133702382101e-01,5.056654214859008789e-01
4.489078490913418484e-01,4.085547327995300293e-01
4.278556402311886053e-01,3.914886415004730225e-01
4.088545930266684891e-01,3.938996493816375732e-01
4.417071596044719328e-01,3.987989127635955811e-01
4.365977900586619498e-01,4.454119801521301270e-01
3.694438695288200236e-01,4.624469876289367676e-01
4.632474460875020128e-01,4.517900645732879639e-01
5.183662373848925142e-01,4.693114757537841797e-01
5.565536777266704149e-01,5.095705986022949219e-01
5.074833420342947932e-01,5.229479074478149414e-01
4.174361097124354991e-01,4.993258118629455566e-01
4.230428241777595133e-01,4.677919149398803711e-01
4.285259746879241938e-01,4.408639669418334961e-01
4.649032030866271370e-01,4.352725446224212646e-01
4.255449942697215882e-01,4.486876428127288818e-01
4.072173706208159771e-01,4.537516534328460693e-01
4.456766516639429909e-01,4.623626172542572021e-01
4.242105035540082447e-01,4.772089719772338867e-01
6.735038721854444965e-01,5.023794770240783691e-01
5.747484701237799420e-01,6.142995357513427734e-01
6.098251878944394022e-01,6.378664970397949219e-01
5.966440029778912191e-01,6.364488601684570312e-01
4.879571480203508393e-01,5.661340951919555664e-01
3.809445846552104165e-01,4.550769925117492676e-01
3.919664894553611667e-01,3.830592632293701172e-01
3.526638844182765631e-01,3.572351038455963135e-01
3.936037118612127905e-01,3.474526703357696533e-01
3.574272748896416552e-01,3.687704205513000488e-01
3.671394017651108399e-01,3.842448890209197998e-01
4.172106054942710252e-01,4.110538363456726074e-01
4.794065223233729967e-01,4.498903453350067139e-01
4.550644231571210341e-01,4.857396781444549561e-01
4.605043262829799922e-01,4.919132292270660400e-01
4.858133133983484342e-01,4.752064943313598633e-01
4.027999592238948878e-01,4.569816589355468750e-01
3.510884439900037179e-01,4.209149479866027832e-01
3.823408573485029827e-01,3.900931179523468018e-01
3.789181357906086234e-01,3.859161436557769775e-01
4.200556655617990742e-01,3.979475796222686768e-01
4.240344249179073266e-01,4.355171918869018555e-01
4.025929895990039142e-01,4.541094303131103516e-01
3.942524226257959619e-01,4.970987439155578613e-01
5.376391252907612994e-01,5.326538085937500000e-01
5.658580435501159300e-01,6.051532030105590820e-01
5.277632761747073076e-01,6.521610021591186523e-01
6.213011902297980171e-01,6.034228801727294922e-01
5.084193389946216612e-01,5.502944588661193848e-01
3.839255650734125780e-01,4.597523510456085205e-01
4.404375399652167289e-01,3.812774717807769775e-01
3.934770588071754283e-01,3.799656629562377930e-01
4.331658012041303962e-01,3.947684168815612793e-01
4.719092793441221900e-01,4.157422780990600586e-01
4.391370293371719136e-01,4.630348682403564453e-01
3.636981456139429802e-01,4.726718366146087646e-01
3.654681992715902439e-01,4.591874480247497559e-01
4.986145391527836424e-01,4.494174420833587646e-01
5.219866612710406528e-01,4.751690030097961426e-01
5.502735397057323397e-01,4.876275658607482910e-01
3.791559964042887643e-01,5.008269548416137695e-01
3.902798414674455429e-01,4.527146220207214355e-01
3.989632984162190255e-01,4.271442890167236328e-01
3.982188255863881032e-01,4.147908985614776611e-01
4.636984545238305166e-01,4.143521189689636230e-01
4.043970233443201501e-01,4.431126117706298828e-01
4.139299824848095000e-01,4.693151712417602539e-01
4.420438713822787413e-01,4.847432076930999756e-01
6.229260562401344181e-01,5.270368456840515137e-01
5.626422916171125443e-01,6.262568235397338867e-01
6.106221754052127970e-01,6.408780813217163086e-01
6.316990970563978181e-01,6.304870843887329102e-01
5.598559244282852454e-01,5.937098860740661621e-01
3.873606430268230483e-01,5.127450227737426758e-01
2.014246924029792218e-01,4.183681607246398926e-01
1.619089395432462553e-01,3.115654885768890381e-01
1.208146571563610827e-01,2.486280351877212524e-01
1.444462635804510953e-01,1.982608437538146973e-01
8.161399238228250752e-02,1.735219955444335938e-01
1.614764657001903636e-01,1.521352678537368774e-01
5.362675653885018434e-02,1.883941590785980225e-01
2.480793527720028813e-01,1.927276104688644409e-01
1.816359249843229051e-01,2.581464052200317383e-01
1.470812649242092540e-01,2.354830950498580933e-01
4.616349364726834992e-02,1.691033840179443359e-01
1.027001813301042787e-01,9.582322835922241211e-02
1.467105730587330292e-01,8.984395861625671387e-02
6.882821212224143892e-02,1.054565235972404480e-01
7.454922324608670436e-02,1.051792502403259277e-01
1.020298468733686903e-01,1.096203103661537170e-01
1.502877495605758895e-01,1.283510625362396240e-01
1.549183087801457859e-01,1.838889122009277344e-01
2.663977091242717421e-01,2.524787783622741699e-01
2.976655679771655905e-01,3.323927223682403564e-01
2.867023560557151463e-01,3.730066120624542236e-01
2.457563504150201972e-01,3.508326709270477295e-01
2.949286263704014033e-01,3.028476238250732422e-01
7.274827859964982935e-02,2.949991226196289062e-01
1.383854515799196605e-01,2.089188396930694580e-01
7.712862081002347381e-02,1.942680180072784424e-01
1.256460078030636751e-01,1.647164076566696167e-01
1.655231852316361163e-01,1.613290458917617798e-01
1.282532072569111392e-01,1.954777687788009644e-01
1.198848383937920481e-01,2.200825363397598267e-01
1.287289284842723092e-01,2.305427640676498413e-01
2.329798374516172110e-01,2.210006266832351685e-01
2.874962544676091802e-01,2.413316369056701660e-01
2.325751654984729022e-01,2.575548887252807617e-01
1.017240260843510491e-01,2.402773499488830566e-01
1.126161887315850763e-01,1.826168000698089600e-01
8.694577704737760371e-02,1.571336835622787476e-01
7.441330289541259191e-02,1.430069208145141602e-01
3.018049604749828418e-02,1.273241341114044189e-01
1.032407736339235882e-01,1.187807396054267883e-01
6.829070891730149029e-02,1.586902439594268799e-01
1.239500925185113012e-01,1.809270828962326050e-01
2.423274506593684485e-01,2.104363441467285156e-01
2.209755992079549536e-01,2.720710933208465576e-01
1.832391673025060008e-01,2.778452932834625244e-01
2.482646987047409937e-01,2.253857403993606567e-01
1.962535408795900160e-01,2.229216992855072021e-01
1.465283162248738336e-01,2.108669430017471313e-01
4.177048613149056955e-01,1.982585340738296509e-01
3.998467806956034210e-01,2.988383173942565918e-01
4.620334302280681982e-01,3.679957985877990723e-01
4.086198215118668209e-01,4.338538646697998047e-01
4.225671029503983434e-01,4.583721160888671875e-01
4.337403735956182338e-01,4.791198074817657471e-01
3.890936274979224230e-01,4.867179691791534424e-01
4.866103009091218290e-01,4.675689339637756348e-01
5.070972046744244288e-01,4.938565790653228760e-01
4.556482628452456218e-01,4.876694083213806152e-01
4.744361622271164869e-01,4.772285223007202148e-01
4.142141795816747241e-01,4.787598550319671631e-01
4.008074904469616229e-01,4.585089087486267090e-01
4.855630963891521823e-01,4.474321603775024414e-01
3.674235988619760640e-01,4.849004149436950684e-01
4.651997565790084721e-01,4.787972867488861084e-01
4.384049129028571024e-01,5.134045481681823730e-01
4.496615892178095208e-01,5.367974638938903809e-01
5.574371600060548104e-01,5.646899342536926270e-01
5.660155875929433478e-01,5.992015600204467773e-01
5.512188039626959579e-01,6.037423610687255859e-01
6.008791575409535568e-01,5.698625445365905762e-01
5.784677451740551923e-01,5.320536494255065918e-01
3.875521671573185500e-01,5.034626722335815430e-01
3.892542606396287574e-01,4.233012199401855469e-01
4.077054482436928140e-01,3.810587525367736816e-01
3.959390706137111415e-01,3.847035765647888184e-01
4.616998075491398623e-01,3.906822204589843750e-01
4.382164778712400732e-01,4.335250854492187500e-01
4.381361613003869060e-01,4.591215848922729492e-01
4.169264083974062451e-01,4.576603174209594727e-01
4.749242398499933238e-01,4.676689207553863525e-01
5.313651654675815017e-01,4.811496734619140625e-01
4.277845909569717442e-01,4.927016496658325195e-01
4.147084354023085062e-01,4.606149494647979736e-01
3.781520392686248400e-01,4.440787136554718018e-01
3.752977119044600407e-01,4.197989702224731445e-01
3.910799180770978545e-01,4.055173993110656738e-01
4.051445852730299890e-01,4.116239547729492188e-01
4.073872710591595059e-01,4.206150472164154053e-01
4.375492325133834015e-01,4.653275907039642334e-01
4.018083584837466304e-01,5.095480680465698242e-01
5.601741016128189976e-01,5.290734767913818359e-01
5.122127524179922453e-01,5.948663949966430664e-01
5.170379248669370043e-01,5.905073285102844238e-01
5.745878369820740517e-01,5.387454032897949219e-01
5.873241916600511203e-01,4.979149103164672852e-01
3.985987847485010782e-01,4.725449681282043457e-01
4.428377697941736635e-01,4.122307300567626953e-01
3.560649822840176171e-01,4.087313711643218994e-01
4.230273786833640415e-01,3.953038156032562256e-01
3.766816282022373841e-01,4.240081608295440674e-01
3.737531624649772510e-01,4.312696158885955811e-01
3.799004692341196865e-01,4.377415478229522705e-01
4.052619710304306011e-01,4.416885972023010254e-01
5.218322063270921518e-01,4.545436501502990723e-01
5.190180372483541582e-01,4.841346144676208496e-01
4.947933238395028077e-01,5.008692145347595215e-01
4.316923010388640236e-01,4.933317303657531738e-01
4.707817582532998202e-01,4.568147063255310059e-01
4.038286291505905901e-01,4.540743231773376465e-01
4.117707023684120671e-01,4.269450008869171143e-01
3.855782329736592295e-01,4.119488894939422607e-01
3.937241867174923193e-01,4.125160872936248779e-01
4.545300090510595581e-01,4.256823062896728516e-01
4.549130573120518939e-01,4.737612009048461914e-01
5.564918957490911922e-01,5.150527358055114746e-01
5.821190600489929423e-01,5.797491073608398438e-01
5.980649884622160073e-01,6.163508892059326172e-01
5.473944995505362066e-01,6.340309977531433105e-01
5.155366228117599370e-01,5.675286650657653809e-01
4.338083337709552900e-01,4.864886105060577393e-01
4.414847444851859315e-01,4.277921915054321289e-01
4.360293958649323898e-01,4.079367220401763916e-01
3.943852538775916017e-01,4.131765365600585938e-01
4.647147680550109961e-01,4.113125801086425781e-01
4.187922241203021478e-01,4.429636001586914062e-01
3.657153271819080231e-01,4.519743919372558594e-01
3.490897970153126195e-01,4.423026442527770996e-01
4.945461959291854726e-01,4.264362454414367676e-01
5.138963113070285083e-01,4.604109525680541992e-01
4.948890859047510027e-01,4.805096685886383057e-01
4.821558203256528508e-01,4.975498914718627930e-01
4.232312592093760983e-01,4.840580821037292480e-01
3.721808111355833226e-01,4.509008824825286865e-01
3.240958979855985689e-01,4.135344028472900391e-01
4.169665666828330508e-01,3.830139935016632080e-01
4.449136442408385683e-01,4.033871889114379883e-01
4.773430042722237587e-01,4.381393194198608398e-01
4.007518866671402336e-01,4.847928285598754883e-01
6.277790305789894276e-01,5.000262856483459473e-01
5.135719559247373667e-01,5.974925756454467773e-01
5.511971802705430967e-01,6.000033617019653320e-01
5.263422906903829634e-01,5.768629312515258789e-01
5.933077761886078605e-01,5.253282785415649414e-01
3.600252070468528132e-01,5.184153318405151367e-01
4.231478535396435703e-01,4.208891987800598145e-01
3.622215563497972468e-01,3.968794345855712891e-01
4.734136704981790622e-01,3.759592175483703613e-01
3.943821647787126849e-01,4.188700914382934570e-01
4.222674603591389797e-01,4.233534336090087891e-01
3.419478004071434540e-01,4.390228390693664551e-01
3.528430521532568420e-01,4.273961484432220459e-01
4.768919958358948108e-01,4.163257181644439697e-01
5.370892656903052398e-01,4.428231120109558105e-01
5.299936055653207134e-01,4.745225310325622559e-01
4.484908207426809845e-01,4.825383722782135010e-01
3.522901034539214216e-01,4.555533230304718018e-01
4.270432072260201828e-01,4.154540300369262695e-01
3.874996524763760775e-01,4.164896011352539062e-01
3.783003160148155075e-01,4.165938496589660645e-01
3.883398873714551947e-01,4.202957749366760254e-01
4.039367476113544519e-01,4.376467168331146240e-01
4.327611292509860874e-01,4.660938382148742676e-01
6.055684096392242033e-01,5.179197192192077637e-01
5.832620266342107840e-01,6.177389621734619141e-01
5.874199537252988712e-01,6.665475368499755859e-01
6.315261075191758167e-01,6.352369785308837891e-01
5.897862034665868336e-01,5.774427652359008789e-01
4.003286801207219803e-01,5.063145756721496582e-01
1.418915788075461037e-01,4.112197160720825195e-01
1.836531065522875039e-01,2.853362560272216797e-01
8.808874363259500129e-02,2.406707406044006348e-01
1.043775620213831523e-01,1.615536510944366455e-01
1.741077910162829312e-01,1.400529295206069946e-01
1.095826936324404421e-01,1.556275486946105957e-01
1.486814181435129889e-01,1.672632992267608643e-01
2.561758809337728593e-01,2.167273610830307007e-01
1.618378902690293941e-01,2.766925394535064697e-01
1.932509367692349933e-01,2.377918213605880737e-01
1.650073057188485848e-01,1.921361684799194336e-01
1.156651293251247381e-01,1.716484576463699341e-01
4.552405017932237286e-02,1.419010907411575317e-01
1.014460071852436585e-01,1.001356169581413269e-01
1.498027610365779694e-01,1.064964085817337036e-01
1.676701089525174382e-01,1.448436230421066284e-01
1.222356426406854268e-01,1.913886666297912598e-01
1.382835113169136321e-01,2.227577269077301025e-01
2.475325822704257384e-01,2.632369697093963623e-01
2.946938548555997350e-01,3.198145627975463867e-01
3.140439702334432148e-01,3.567776679992675781e-01
2.896895146716751412e-01,3.586931824684143066e-01
2.568338589949923367e-01,3.109067082405090332e-01
1.364424083850499514e-01,2.666940689086914062e-01
1.556596925110973473e-01,2.080565392971038818e-01
1.213768731523328093e-01,1.876636594533920288e-01
1.500251761558635266e-01,1.883692443370819092e-01
1.340792477426413498e-01,1.961824297904968262e-01
1.729648244310650895e-01,2.164027541875839233e-01
1.463059011055887204e-01,2.527443766593933105e-01
1.018692137316623558e-01,2.574153840541839600e-01
2.604542828811409194e-01,2.281999588012695312e-01
2.254455252858185155e-01,2.482545375823974609e-01
2.032101915550215132e-01,2.489818334579467773e-01
7.015961373907630971e-02,2.333239912986755371e-01
1.289297199114050052e-01,1.703137457370758057e-01
1.883701605404688451e-01,1.607579439878463745e-01
1.917403674174211758e-02,1.816869080066680908e-01
2.064444780813001756e-02,1.384059488773345947e-01
1.487957148020351283e-01,1.110509335994720459e-01
1.291057985475059233e-01,1.656849682331085205e-01
1.452772311788930182e-01,2.011833637952804565e-01
2.417003635869381384e-01,2.373422980308532715e-01
1.818212709170605734e-01,2.839361429214477539e-01
2.303726379977697469e-01,2.616915106773376465e-01
3.190421322196104192e-01,2.559090554714202881e-01
2.444743743802493263e-01,2.802049219608306885e-01
1.039327317828120378e-01,2.723071575164794922e-01
3.107849709161341067e-01,2.129731923341751099e-01
3.413639607190184222e-01,2.575684785842895508e-01
4.494082831097339081e-01,3.179669082164764404e-01
3.986389430339278839e-01,4.143804311752319336e-01
4.449970499105706523e-01,4.513246417045593262e-01
3.803174975827801063e-01,4.872956871986389160e-01
3.538470092889207663e-01,4.706517755985260010e-01
4.958899539415360103e-01,4.357289671897888184e-01
4.843243677386870338e-01,4.667873084545135498e-01
4.746802010385553494e-01,4.659046828746795654e-01
3.783404743002418691e-01,4.702542722225189209e-01
4.032540567591027525e-01,4.417461752891540527e-01
3.900327135571282078e-01,4.372269213199615479e-01
3.736975586851558617e-01,4.296318888664245605e-01
4.751559222659156312e-01,4.322312474250793457e-01
4.252299061840671968e-01,4.849869012832641602e-01
4.141307739119421960e-01,5.092549324035644531e-01
4.057871178398548828e-01,5.390576124191284180e-01
5.886185240903376581e-01,5.493628382682800293e-01
5.836605203895972593e-01,6.081091761589050293e-01
5.256070851571887914e-01,5.995546579360961914e-01
5.071466302564875406e-01,5.224414467811584473e-01
4.796474720359324984e-01,4.528667032718658447e-01
4.746802010385553494e-01,4.159867465496063232e-01
3.917471634349540821e-01,4.155406355857849121e-01
4.302033553792021792e-01,3.970870673656463623e-01
4.157463726256414027e-01,4.142121672630310059e-01
4.420840296677055470e-01,4.346006214618682861e-01
4.058643453118291333e-01,4.549147486686706543e-01
3.590274281089462782e-01,4.638420939445495605e-01
3.698114722954164435e-01,4.453074336051940918e-01
4.925599053500104851e-01,4.457336068153381348e-01
4.467979945570079714e-01,4.666264355182647705e-01
4.738924808244187048e-01,4.530987441539764404e-01
3.638155313713435923e-01,4.553646147251129150e-01
3.960719018655067813e-01,4.097889661788940430e-01
3.898689913165429566e-01,3.947354257106781006e-01
4.126850756365860740e-01,3.978799581527709961e-01
4.399309277490663916e-01,4.079470038414001465e-01
3.992629410074783891e-01,4.416580200195312500e-01
3.525619441552700906e-01,4.555688500404357910e-01
3.323252573991641867e-01,4.752247333526611328e-01
5.699634559602615447e-01,4.666239023208618164e-01
5.392763476966133673e-01,5.575692653656005859e-01
5.581136726605482323e-01,5.993400216102600098e-01
5.761601883114679801e-01,6.036763191223144531e-01
6.174429057299697376e-01,5.499663949012756348e-01
3.434769043522312160e-01,5.220270156860351562e-01
3.707258455635908945e-01,3.978680968284606934e-01
4.050951596909668773e-01,3.652523756027221680e-01
3.659902569821360530e-01,3.820625543594360352e-01
3.530561999759047609e-01,3.782862126827239990e-01
4.568004967270997696e-01,3.891825079917907715e-01
3.694098894411510514e-01,4.425013363361358643e-01
3.597255644555925613e-01,4.586761891841888428e-01
4.630003181771842335e-01,4.678698182106018066e-01
5.458190591222633614e-01,4.844892323017120361e-01
4.797833923866066108e-01,5.137086510658264160e-01
3.568928607835806233e-01,4.868624210357666016e-01
3.771110129464134708e-01,4.109160602092742920e-01
4.064698086921061382e-01,3.751083910465240479e-01
4.413117549479643742e-01,3.824483156204223633e-01
4.381979432779665729e-01,3.997591137886047363e-01
3.794247480067589606e-01,4.315766096115112305e-01
3.885684806884985854e-01,4.448925852775573730e-01
4.862087180548564369e-01,4.693049192428588867e-01
6.008544447499217789e-01,5.279233455657958984e-01
5.546137236306800666e-01,6.233083009719848633e-01
4.788659300195541313e-01,6.330868005752563477e-01
5.469373129164494252e-01,5.724623799324035645e-01
5.147705262897757095e-01,5.213856101036071777e-01
3.762769562490926312e-01,4.502758085727691650e-01
3.724711864302063802e-01,3.896815180778503418e-01
3.996861475538970865e-01,3.713323771953582764e-01
4.108408836058434765e-01,3.736202716827392578e-01
3.811361087857059182e-01,3.931801915168762207e-01
3.608932438318417368e-01,4.123176932334899902e-01
4.016230125510089621e-01,4.231428802013397217e-01
3.897855856468108726e-01,4.445767998695373535e-01
4.352231410575218007e-01,4.415118694305419922e-01
5.280845424581195324e-01,4.440825283527374268e-01
4.785446637361419064e-01,4.673355221748352051e-01
3.982682511684516591e-01,4.482753872871398926e-01
4.001062650014368671e-01,4.204466342926025391e-01
4.076838245515399528e-01,4.198797643184661865e-01
4.136704981789764979e-01,4.188508987426757812e-01
3.598954648939360901e-01,4.250615835189819336e-01
4.198332504425130729e-01,4.166641533374786377e-01
3.954973294740193879e-01,4.375240206718444824e-01
4.484537515561335397e-01,4.666861891746520996e-01
5.941572783803232838e-01,5.236592292785644531e-01
6.129791578498635651e-01,6.189839839935302734e-01
5.291626379668783464e-01,6.790664196014404297e-01
6.116415780352713050e-01,6.329637169837951660e-01
5.674334839783887752e-01,5.772873759269714355e-01
4.338392247597453455e-01,4.946588277816772461e-01
4.332553850716207577e-01,4.149317145347595215e-01
4.252731535683724751e-01,3.824954330921173096e-01
3.679147655837313735e-01,3.847006559371948242e-01
4.436594700959783921e-01,3.849704563617706299e-01
4.212913051133857500e-01,4.148268103599548340e-01
3.536493069606665429e-01,4.407930672168731689e-01
3.903261779506297380e-01,4.387637674808502197e-01
4.605939101504699096e-01,4.362557530403137207e-01
4.526950843169541550e-01,4.517093598842620850e-01
5.371942950521901849e-01,4.518240094184875488e-01
3.534176245447437914e-01,4.783076643943786621e-01
3.592838233159003636e-01,4.235091507434844971e-01
4.815874261319228467e-01,3.872743546962738037e-01
3.916514013697063312e-01,4.090394079685211182e-01
4.326344761969487251e-01,4.057059288024902344e-01
4.499519645124321343e-01,4.331452548503875732e-01
4.369561255286220636e-01,4.623829424381256104e-01
4.138002403318932210e-01,4.991893768310546875e-01
5.625650641451382938e-01,5.117958188056945801e-01
5.838736682122460664e-01,5.868291854858398438e-01
5.556176807663439909e-01,6.244358420372009277e-01
5.897058868957336664e-01,6.137262582778930664e-01
5.543449720282098703e-01,5.767080783843994141e-01
4.028617412014745547e-01,5.187925696372985840e-01
1.901062341104475806e-01,4.251115620136260986e-01
1.025426372872773051e-01,3.150273263454437256e-01
1.210648741655568905e-01,2.249476462602615356e-01
1.363126662321336724e-01,1.652509868144989014e-01
1.386943614678162184e-01,1.507129371166229248e-01
1.312063857852026061e-01,1.716043949127197266e-01
7.399936364563108881e-02,1.955009400844573975e-01
2.143989076946368755e-01,1.984135061502456665e-01
2.173922445083542598e-01,2.359186410903930664e-01
2.506494830393024564e-01,2.405053675174713135e-01
1.477546884798233151e-01,2.140752971172332764e-01
1.650505531031547513e-01,1.785086840391159058e-01
8.316472001952357473e-02,1.687883585691452026e-01
8.343038252311396619e-02,1.465828716754913330e-01
1.325130746110056990e-01,1.311816424131393433e-01
1.623445024851801755e-01,1.479215025901794434e-01
1.129220095206031615e-01,1.773869991302490234e-01
9.291082698266084350e-02,2.004964351654052734e-01
2.018478989493974751e-01,2.276310622692108154e-01
2.746703159221421942e-01,3.075054883956909180e-01
2.570284722243676434e-01,3.663900494575500488e-01
2.451292633425903311e-01,3.684693574905395508e-01
2.947679932286955129e-01,3.086189925670623779e-01
1.171324512926332773e-01,2.755965888500213623e-01
1.203852724121849960e-01,1.939843893051147461e-01
1.537073820195908880e-01,1.698713302612304688e-01
2.015606127536533343e-01,1.767204701900482178e-01
1.038740389041112877e-01,2.199066877365112305e-01
8.786941761218836078e-02,2.037452310323715210e-01
8.368677773006849563e-02,1.890976428985595703e-01
1.380271161099595467e-01,1.844919770956039429e-01
1.679666624448978851e-01,2.077420800924301147e-01
1.945545364961582813e-01,2.239012718200683594e-01
1.978166249123471943e-01,2.299409955739974976e-01
1.780463920869643779e-01,2.160635888576507568e-01
1.645686536780353038e-01,1.993356645107269287e-01
6.338521989750400820e-02,1.835054457187652588e-01
1.790997748046918581e-01,1.388708055019378662e-01
7.526898328488584866e-02,1.570517271757125854e-01
1.262916294687674856e-01,1.431046426296234131e-01
8.941396705167159453e-02,1.589019596576690674e-01
1.059560915485344701e-01,1.736276745796203613e-01
2.248709528943315661e-01,1.986596584320068359e-01
3.233236232658569520e-01,2.677636742591857910e-01
2.560214259898248024e-01,3.528093397617340088e-01
2.695763918707272389e-01,3.452289700508117676e-01
2.214667659297107072e-01,3.119556605815887451e-01
6.789530426079437575e-02,2.690212726593017578e-01
3.917904108192602486e-01,1.780859082937240601e-01
4.275868886287179649e-01,2.655094265937805176e-01
4.037544907774952563e-01,3.449347019195556641e-01
4.443792301347775364e-01,3.874191641807556152e-01
4.128580651738080753e-01,4.358350634574890137e-01
4.084962575567083753e-01,4.559181928634643555e-01
4.280904117459893854e-01,4.621218740940093994e-01
5.092811975818536396e-01,4.567532539367675781e-01
5.405552346325057655e-01,4.781693220138549805e-01
5.261445883621287400e-01,5.024931430816650391e-01
4.420253367890052409e-01,5.100632905960083008e-01
4.348122909066196584e-01,4.882891178131103516e-01
4.586786688455108951e-01,4.612641930580139160e-01
4.389825743932234126e-01,4.588221907615661621e-01
4.730368004349450040e-01,4.509960114955902100e-01
3.881946997241434438e-01,4.801914095878601074e-01
4.391988113147515804e-01,4.849003255367279053e-01
3.570720285185609022e-01,5.408939123153686523e-01
5.990535001034844598e-01,5.469220876693725586e-01
5.660372112850962090e-01,6.439600586891174316e-01
5.986735409413719289e-01,6.544863581657409668e-01
6.262035901507174707e-01,6.250407695770263672e-01
5.936413988675361963e-01,5.413763523101806641e-01
3.929550010966300633e-01,4.713496863842010498e-01
3.679240328803685678e-01,3.854224979877471924e-01
4.281243918336579135e-01,3.434727787971496582e-01
3.976566095904163767e-01,3.665219545364379883e-01
4.328538022173549216e-01,3.930891454219818115e-01
3.894704975611564812e-01,4.209014475345611572e-01
3.737994989481614461e-01,4.373199343681335449e-01
3.992938319962684446e-01,4.484120905399322510e-01
5.241304958930430580e-01,4.631992876529693604e-01
5.100905414881422573e-01,4.999852180480957031e-01
4.754215847695069108e-01,5.088356137275695801e-01
4.749983782230882134e-01,4.850574135780334473e-01
4.031119582106703625e-01,4.638177752494812012e-01
3.244109860712529603e-01,4.267996549606323242e-01
4.428161461020203582e-01,3.891825675964355469e-01
4.078444576932462873e-01,4.033461213111877441e-01
4.019350115377844368e-01,4.069432914257049561e-01
4.011967169057113480e-01,4.299723505973815918e-01
4.014067756294812384e-01,4.477567970752716064e-01
6.258143636919677455e-01,4.775740802288055420e-01
5.811645284953925739e-01,5.719014406204223633e-01
5.735993253408047110e-01,6.081600189208984375e-01
5.542059625786559529e-01,6.061582565307617188e-01
6.280199802915489293e-01,5.705459117889404297e-01
4.395015430048898608e-01,5.536437034606933594e-01
4.449198224385964018e-01,4.756968617439270020e-01
4.185667199021372298e-01,4.417520165443420410e-01
4.453214052928617939e-01,4.165089726448059082e-01
4.228296763551107063e-01,4.198751449584960938e-01
3.944933723383554636e-01,4.173056483268737793e-01
4.219492831746052275e-01,4.205826818943023682e-01
4.859924811333282690e-01,4.312466979026794434e-01
5.131178583895290579e-01,4.667034149169921875e-01
5.526459676447781355e-01,4.924355149269104004e-01
5.497267692041551967e-01,5.078059434890747070e-01
4.291190816726855317e-01,5.184007287025451660e-01
4.696696826568720340e-01,4.627632796764373779e-01
3.277070545751099573e-01,4.504449963569641113e-01
3.401808358483746630e-01,3.987146317958831787e-01
4.723046840006301927e-01,3.663725554943084717e-01
3.842560986534615530e-01,4.044658541679382324e-01
4.123977894408423772e-01,4.236744046211242676e-01
4.731480079945877826e-01,4.603407979011535645e-01
5.713473722580384440e-01,5.192874670028686523e-01
6.265773711150721681e-01,5.910547971725463867e-01
5.495537796669331954e-01,6.267583370208740234e-01
5.867774211584739774e-01,5.734718441963195801e-01
5.661020823615543485e-01,5.112813711166381836e-01
4.635131085910928483e-01,4.745526313781738281e-01
3.985586264630747166e-01,4.315316975116729736e-01
3.725082556167542691e-01,4.042041897773742676e-01
3.909223740342704367e-01,3.827876746654510498e-01
3.925657746378803381e-01,3.956015110015869141e-01
3.842653659500987473e-01,4.018244743347167969e-01
3.827239056094948744e-01,4.189729988574981689e-01
4.498376678539104390e-01,4.346677958965301514e-01
5.577491589928302851e-01,4.674782156944274902e-01
5.200899545593555828e-01,5.090303421020507812e-01
4.815658024397699855e-01,4.935571551322937012e-01
3.866069029003549318e-01,4.616435170173645020e-01
3.314139732298690966e-01,4.103528559207916260e-01
4.223292423367177584e-01,3.604030013084411621e-01
3.829463207287799875e-01,3.821702599525451660e-01
4.627871703545358706e-01,3.975565433502197266e-01
3.571708796826875698e-01,4.360546767711639404e-01
3.862979930124583738e-01,4.467148780822753906e-01
4.047121114299749856e-01,4.787689149379730225e-01
5.811923303853032685e-01,5.120896100997924805e-01
6.307785455904659777e-01,5.808347463607788086e-01
5.131456602794397526e-01,6.155274510383605957e-01
5.527540861055424415e-01,5.422270298004150391e-01
5.110049147563167082e-01,4.951870739459991455e-01
4.375368761178677346e-01,4.431242048740386963e-01
3.842746332467359416e-01,4.145097732543945312e-01
4.044248252342308447e-01,3.904137611389160156e-01
4.018701404613258532e-01,3.947830498218536377e-01
4.125646007803065451e-01,4.048994183540344238e-01
4.024632474460876352e-01,4.333760142326354980e-01
3.722364149154051560e-01,4.628262519836425781e-01
4.114030996018152031e-01,4.448642134666442871e-01
4.761135429183953605e-01,4.479468464851379395e-01
5.357578640734712572e-01,4.644632935523986816e-01
5.076903116591857668e-01,4.898228049278259277e-01
3.697126211312897759e-01,4.776590764522552490e-01
4.974777507653240782e-01,4.211426079273223877e-01
4.697469101288462845e-01,4.298440515995025635e-01
4.988338651731902829e-01,4.313079714775085449e-01
3.955436659572035829e-01,4.521853625774383545e-01
3.772963588791515832e-01,4.347603917121887207e-01
4.381516067947819337e-01,4.233509898185729980e-01
4.493279665388807409e-01,4.513448774814605713e-01
5.712392537972750262e-01,4.913824200630187988e-01
4.859615901445386577e-01,5.860194563865661621e-01
5.275779302419691952e-01,6.164141297340393066e-01
5.796076226603941173e-01,6.437730789184570312e-01
5.394740500248675907e-01,6.012258529663085938e-01
3.576558682066854900e-01,5.164042711257934570e-01
1.107997985907531735e-01,3.864631354808807373e-01
0.000000000000000000e+00,2.440213263034820557e-01
9.798621644080229842e-02,1.332716196775436401e-01
1.045598188552414598e-01,9.614706039428710938e-02
1.318581856486646942e-01,8.288984000682830811e-02
1.406497610582015945e-01,9.614011645317077637e-02
1.343541775428689355e-01,1.400009095668792725e-01
2.416509380048745825e-01,1.846413016319274902e-01
2.021629870350523106e-01,2.464905977249145508e-01
1.544333202561483098e-01,2.265114039182662964e-01
1.219885147303676476e-01,1.736373454332351685e-01
8.789721950209905543e-02,1.423921734094619751e-01
7.005149527831244782e-02,1.181584969162940979e-01
1.418143513355718532e-01,1.061571910977363586e-01
6.797562083164754299e-02,1.225259825587272644e-01
1.455676064735156316e-01,1.230388730764389038e-01
7.245172510726938242e-02,1.777732372283935547e-01
1.095796045335615254e-01,2.214850783348083496e-01
2.403071799925244889e-01,2.468880116939544678e-01
3.033587772110997172e-01,3.168463706970214844e-01
2.832456544101518148e-01,3.617321848869323730e-01
2.306599241935134437e-01,3.320831656455993652e-01
2.553727152252416310e-01,2.750847339630126953e-01
1.696316867406610918e-01,2.534416317939758301e-01
1.756955878400709992e-01,2.304920703172683716e-01
6.960975413862025007e-02,2.292986810207366943e-01
1.691405200189053382e-01,1.878358274698257446e-01
1.663047272480144834e-01,2.015749216079711914e-01
1.269712312221402684e-01,2.220225185155868530e-01
1.169872636453224146e-01,2.294802814722061157e-01
9.994779422894595200e-02,2.270646393299102783e-01
1.619274741365197556e-01,2.064609378576278687e-01
2.209539755158025365e-01,1.989505887031555176e-01
2.020857595630780601e-01,2.033975571393966675e-01
1.364732993738400069e-01,2.104005217552185059e-01
1.373598707521028750e-01,1.815057396888732910e-01
2.136884149524740373e-01,1.680237948894500732e-01
1.647107522264681378e-01,1.944439113140106201e-01
1.406250482671698165e-01,1.912585794925689697e-01
4.113444067231153412e-02,1.904158294200897217e-01
1.348947698466882450e-01,1.571063697338104248e-01
1.790040127394441072e-01,1.746404469013214111e-01
2.453856585495444165e-01,2.214553207159042358e-01
3.424204325356248191e-01,2.828943431377410889e-01
2.813736604894985227e-01,3.464447259902954102e-01
2.721341657425115912e-01,3.570890724658966064e-01
2.244879046333396744e-01,3.267665207386016846e-01
1.760909924965790019e-01,2.755628824234008789e-01
3.774631702186153070e-01,2.355189472436904907e-01
3.873359302357912703e-01,3.007819056510925293e-01
3.385250788492490948e-01,3.489283323287963867e-01
4.414754771885496254e-01,3.607307672500610352e-01
4.300396331386173721e-01,4.150130748748779297e-01
4.086321779073824878e-01,4.442248940467834473e-01
4.356957731860040539e-01,4.612979888916015625e-01
5.295086170413227933e-01,4.635799527168273926e-01
4.920131348484333422e-01,5.064634680747985840e-01
4.764687892894761134e-01,5.020437836647033691e-01
3.446723856183915302e-01,4.894318282604217529e-01
4.016693490341931572e-01,4.363991916179656982e-01
3.597626336421404503e-01,4.184920787811279297e-01
4.142852288558906970e-01,4.075664877891540527e-01
4.023087925021391342e-01,4.310749173164367676e-01
3.933534948520169827e-01,4.450366497039794922e-01
4.470482115662042233e-01,4.709885716438293457e-01
3.716927335127069298e-01,5.013701319694519043e-01
4.954420346040855350e-01,5.193714499473571777e-01
5.555898788764332963e-01,5.688859224319458008e-01
5.365177823976963190e-01,5.880396962165832520e-01
5.684528866084472831e-01,5.463333725929260254e-01
5.300801003339317141e-01,4.960683584213256836e-01
4.238429007874109367e-01,4.468324184417724609e-01
3.721900784322205169e-01,3.921388387680053711e-01
3.717915846768335975e-01,3.602171540260314941e-01
4.311053722518600750e-01,3.639684021472930908e-01
4.065346797685647218e-01,4.063972234725952148e-01
3.642510943132775125e-01,4.260680973529815674e-01
3.729716204485993281e-01,4.333362877368927002e-01
3.944346794596547134e-01,4.318017363548278809e-01
4.631918423076806235e-01,4.476487636566162109e-01
4.948890859047510027e-01,4.644884169101715088e-01
4.961926856316742906e-01,4.800416827201843262e-01
3.742597746811280324e-01,4.632638096809387207e-01
4.323502791000839451e-01,4.084590077400207520e-01
3.704292920712095594e-01,4.091078937053680420e-01
4.544311578869328905e-01,3.882161378860473633e-01
4.001556905834999789e-01,4.017013311386108398e-01
3.838020011182536884e-01,4.159854650497436523e-01
4.282479557888168031e-01,4.137908518314361572e-01
4.095311056811614669e-01,4.503954648971557617e-01
5.921153840213273511e-01,4.807219803333282471e-01
4.897673599634253527e-01,5.864558815956115723e-01
5.831044825913833662e-01,5.963432788848876953e-01
5.446977162291988250e-01,5.900837182998657227e-01
5.653390749384499259e-01,5.315618515014648438e-01
4.049870412302025713e-01,4.951354861259460449e-01
4.581720566293605579e-01,4.155213236808776855e-01
3.392880862723535174e-01,4.161015152931213379e-01
4.680880640308417995e-01,3.728066086769104004e-01
4.344415990411438777e-01,4.082079231739044189e-01
4.138960023971409719e-01,4.430762231349945068e-01
3.551166289281750821e-01,4.507218599319458008e-01
3.462725388376957092e-01,4.304088056087493896e-01
4.847691979772581483e-01,4.134972393512725830e-01
5.291039450881780404e-01,4.523503780364990234e-01
5.053395074122928321e-01,4.757985174655914307e-01
4.296905649652940085e-01,4.810215234756469727e-01
3.540107315295055734e-01,4.511783123016357422e-01
4.099017975466376917e-01,3.943203389644622803e-01
4.488615126081572093e-01,3.931870460510253906e-01
4.620766776123734765e-01,4.057539105415344238e-01
3.617705479134682989e-01,4.385859668254852295e-01
3.952100432782752470e-01,4.400139153003692627e-01
3.956208934291778334e-01,4.598495960235595703e-01
5.407282241697273228e-01,4.978296756744384766e-01
5.975954454326131149e-01,5.778337121009826660e-01
6.703900605154471393e-01,6.176839470863342285e-01
5.226600848266551580e-01,6.151115894317626953e-01
5.796910283301257572e-01,5.111128091812133789e-01
4.192092524689621236e-01,4.616262912750244141e-01
4.200062399797359625e-01,4.051900506019592285e-01
4.576685335120891374e-01,3.894425332546234131e-01
4.220944708219165342e-01,4.198220968246459961e-01
3.290631689829757178e-01,4.435176551342010498e-01
3.549930649730166365e-01,4.075971841812133789e-01
3.687055748967464908e-01,4.173545837402343750e-01
3.805059326143971354e-01,4.359028935432434082e-01
5.003876819093102668e-01,4.572669565677642822e-01
4.976044038193618846e-01,4.905687868595123291e-01
4.379693499609231822e-01,5.050414204597473145e-01
3.486233430845886438e-01,4.726091325283050537e-01
3.297057015498006116e-01,4.060416221618652344e-01
3.506497919491908810e-01,3.666720390319824219e-01
4.449970499105706523e-01,3.565741777420043945e-01
3.982311819819037702e-01,3.858280181884765625e-01
3.729407294598092726e-01,4.081556797027587891e-01
3.371720535402618069e-01,4.220477342605590820e-01
3.707104000691954226e-01,4.317319989204406738e-01
5.864530657761823917e-01,4.544903635978698730e-01
5.815784677451740770e-01,5.354800224304199219e-01
5.545859217407693720e-01,5.809041261672973633e-01
5.540484185358285352e-01,5.717999935150146484e-01
4.982870946716135840e-01,5.387388467788696289e-01
3.794865299843386275e-01,4.909489154815673828e-01
4.288503300702153354e-01,4.282586276531219482e-01
3.832397851222819618e-01,4.183836281299591064e-01
4.684371322041647190e-01,4.039954543113708496e-01
4.529453013261499628e-01,4.345680475234985352e-01
3.914351644481786074e-01,4.556562900543212891e-01
3.984196170135207993e-01,4.551395475864410400e-01
4.906631986383254151e-01,4.521573185920715332e-01
5.369657017351467942e-01,4.779258966445922852e-01
5.081660328865469367e-01,5.027751922607421875e-01
5.124444348339149968e-01,4.973197579383850098e-01
4.137755275408614430e-01,4.865889847278594971e-01
4.076251316728396468e-01,4.410567581653594971e-01
3.685542090516773506e-01,4.169133007526397705e-01
3.933411384565008717e-01,3.925812840461730957e-01
3.550239559618066920e-01,3.921352028846740723e-01
4.351242898933951331e-01,3.750937283039093018e-01
4.033436406265931140e-01,4.307714700698852539e-01
4.370024620118062586e-01,4.757087826728820801e-01
5.167043021880086684e-01,5.275619029998779297e-01
6.166613637135909265e-01,5.948550701141357422e-01
6.120524281861734472e-01,6.403265595436096191e-01
5.055835462237308064e-01,6.078179478645324707e-01
5.451919720498334954e-01,4.923946857452392578e-01
3.935264843892385400e-01,4.520801901817321777e-01
6.704889116795786919e-02,3.905592262744903564e-01
1.107194820199000063e-01,2.492809146642684937e-01
1.410389875169513196e-01,1.848649829626083374e-01
1.029503983393005306e-01,1.486203223466873169e-01
5.685486486736968104e-02,1.239099428057670593e-01
1.489872389325310742e-01,1.117103919386863708e-01
9.100485297433902332e-02,1.616448014974594116e-01
1.829518811067623041e-01,1.836425662040710449e-01
2.707162693570661638e-01,2.090419530868530273e-01
2.230947210389260249e-01,2.113685011863708496e-01
9.035923130863476871e-02,1.759470999240875244e-01
7.627294042054977297e-02,1.323580592870712280e-01
1.561570374306109343e-01,1.082236468791961670e-01
1.536054417565853036e-01,1.258376836776733398e-01
1.015664820415240754e-01,1.471188068389892578e-01
7.368118646109733660e-02,1.546898037195205688e-01
1.346445528374919931e-01,1.541587561368942261e-01
1.423673000349068296e-01,1.903121769428253174e-01
2.473966619197516259e-01,2.390392869710922241e-01
2.203207102456143929e-01,3.248646855354309082e-01
2.621316635724193489e-01,3.506317734718322754e-01
2.783308980937171384e-01,3.265280723571777344e-01
2.431584182578099274e-01,2.953519225120544434e-01
1.300603301011062918e-01,2.519025206565856934e-01
1.337332686681969030e-01,2.004010379314422607e-01
1.628140455147826238e-01,1.852364093065261841e-01
1.047575211834956832e-01,1.921057403087615967e-01
7.812022155017173120e-02,1.740267723798751831e-01
1.178553004303117824e-01,1.637203395366668701e-01
1.829055446235781091e-01,1.798773705959320068e-01
5.499522734223205589e-02,2.208083868026733398e-01
1.226464927915880132e-01,1.989792585372924805e-01
2.043871382279078830e-01,1.884024590253829956e-01
1.943321213768731681e-01,2.000060677528381348e-01
1.126285451271011873e-01,2.017154395580291748e-01
1.112477179282036488e-01,1.576103270053863525e-01
1.576274484969988343e-01,1.333284080028533936e-01
1.187758518962431786e-01,1.464980840682983398e-01
1.507325797991470040e-01,1.534203737974166870e-01
2.851238265285660489e-02,1.710064113140106201e-01
1.007416926408399860e-01,1.430010050535202026e-01
9.012754889271246128e-02,1.457358598709106445e-01
1.765234663396340054e-01,1.644762158393859863e-01
2.650477729141633709e-01,2.107577025890350342e-01
2.574949261550911750e-01,2.703383862972259521e-01
2.438998019887619328e-01,2.983049154281616211e-01
2.565434837003697233e-01,2.936326861381530762e-01
1.241848640333129694e-01,2.773470878601074219e-01
4.458094829157386307e-01,2.164006531238555908e-01
4.320722602009769986e-01,3.067297041416168213e-01
4.204356247239120492e-01,3.645156025886535645e-01
4.937831885060810500e-01,4.051160216331481934e-01
3.820072346695746468e-01,4.621112346649169922e-01
3.578443032383020750e-01,4.447697401046752930e-01
4.517807110487797040e-01,4.414190649986267090e-01
5.747639156181749698e-01,4.484434723854064941e-01
4.820168108760993775e-01,5.121946930885314941e-01
5.566370833964024989e-01,5.027419924736022949e-01
3.884819859198871406e-01,5.165340900421142578e-01
4.299315146778535102e-01,4.674117565155029297e-01
4.319888545312444705e-01,4.482996761798858643e-01
3.848615620337394461e-01,4.479028582572937012e-01
4.767128281009149759e-01,4.301350712776184082e-01
4.809696063561297308e-01,4.669770002365112305e-01
3.704014901812988647e-01,5.106169581413269043e-01
4.157093034390935138e-01,5.154060721397399902e-01
5.978456624418089227e-01,5.394709110260009766e-01
4.941600585693146641e-01,6.256809234619140625e-01
5.649189574909101452e-01,5.965207815170288086e-01
5.026643477831083118e-01,5.518897771835327148e-01
5.886895733645540751e-01,4.702866673469543457e-01
4.114432578872415647e-01,4.608227014541625977e-01
3.944006993719861853e-01,4.096529483795166016e-01
3.501709816229507943e-01,3.716920614242553711e-01
3.860663105965360664e-01,3.557163178920745850e-01
4.275003938601069642e-01,3.665259480476379395e-01
4.067354711956974178e-01,4.026455879211425781e-01
4.524603128021524867e-01,4.335914850234985352e-01
4.500600829731959962e-01,4.621360898017883301e-01
5.457943463312315835e-01,4.758579730987548828e-01
4.856279674656103218e-01,4.932187199592590332e-01
5.164973325631176948e-01,4.751160740852355957e-01
3.724742755290852969e-01,4.573993384838104248e-01
3.615512218930616584e-01,4.092611074447631836e-01
4.520649081456449281e-01,3.810773789882659912e-01
3.642727180054308178e-01,3.996537923812866211e-01
3.602908695504432046e-01,3.913341760635375977e-01
4.121537506294039588e-01,3.933725357055664062e-01
3.982219146852674641e-01,4.270626902580261230e-01
4.014253102227547387e-01,4.711835980415344238e-01
6.494150791272677026e-01,5.011175274848937988e-01
5.270805853224556081e-01,6.222178936004638672e-01
5.822951386850938604e-01,6.156488656997680664e-01
5.671585541781607454e-01,5.573653578758239746e-01
6.013610569660725602e-01,4.892085790634155273e-01
3.791281945143780696e-01,4.536769688129425049e-01
3.999332754642139776e-01,3.749700188636779785e-01
4.124873733083322946e-01,3.807632327079772949e-01
3.551042725326598593e-01,3.993174433708190918e-01
3.413238024335920606e-01,4.103701114654541016e-01
4.074830331244072568e-01,4.047746062278747559e-01
4.578415230493115828e-01,4.421076774597167969e-01
3.952007759816384969e-01,4.847016036510467529e-01
4.975889583249673009e-01,4.837270081043243408e-01
5.482161998523409352e-01,4.902841746807098389e-01
5.000447919337447367e-01,4.931572377681732178e-01
4.370549766927487312e-01,4.695834517478942871e-01
5.071002937733033455e-01,4.413225054740905762e-01
3.868632981073090171e-01,4.425328075885772705e-01
4.016909727263460184e-01,4.160387516021728516e-01
4.229439730136319575e-01,4.213573932647705078e-01
4.635470886787613765e-01,4.270097017288208008e-01
4.039861731934180078e-01,4.655008912086486816e-01
4.352880121339803843e-01,4.738810062408447266e-01
5.768428791637192354e-01,5.135614275932312012e-01
5.612676426159723952e-01,5.931109189987182617e-01
5.483613874996522419e-01,6.333948969841003418e-01
5.413614894399154664e-01,6.269848346710205078e-01
6.775814827056798606e-01,5.601571798324584961e-01
3.511286022754300795e-01,5.341863632202148438e-01
3.546439967996937170e-01,3.966486155986785889e-01
4.173279912516720813e-01,3.490228354930877686e-01
4.157896200099466810e-01,3.627912402153015137e-01
4.240591377089391045e-01,3.772538304328918457e-01
3.758352151094004334e-01,4.116690754890441895e-01
3.702037878530455295e-01,4.177142381668090820e-01
3.976720550848109603e-01,4.259529113769531250e-01
5.392052984223969503e-01,4.216780364513397217e-01
4.678347579227666309e-01,4.838807284832000732e-01
5.111624587991432378e-01,4.740093946456909180e-01
3.892666170351448685e-01,4.726759195327758789e-01
3.517433329523442787e-01,4.162825942039489746e-01
3.607542343822882636e-01,3.898908495903015137e-01
4.420006239979734630e-01,3.658918142318725586e-01
3.858716973671612038e-01,3.909897506237030029e-01
4.543631977115958342e-01,4.039413630962371826e-01
4.068744806452513352e-01,4.556910395622253418e-01
3.575508388448009889e-01,4.758853912353515625e-01
5.816340715249954663e-01,4.847915768623352051e-01
5.342411165238987181e-01,5.602337121963500977e-01
5.499769862133518927e-01,5.846968889236450195e-01
6.059360124058210673e-01,5.575476884841918945e-01
5.161389970931580251e-01,5.319671630859375000e-01
3.915896193921271085e-01,4.676748812198638916e-01
3.680908442198327357e-01,4.038783311843872070e-01
3.641306194569979837e-01,3.753802478313446045e-01
3.907154044093794631e-01,3.611650466918945312e-01
3.764653912807096603e-01,3.899908661842346191e-01
3.981014398289870471e-01,3.977836072444915771e-01
4.319363398503024420e-01,4.143271446228027344e-01
3.804225269446650515e-01,4.571559429168701172e-01
4.511381784819548102e-01,4.510281383991241455e-01
5.293418057018586254e-01,4.605802893638610840e-01
4.774789246228983153e-01,4.823627769947052002e-01
4.760085135565104153e-01,4.527210295200347900e-01
3.930940105461835365e-01,4.351768493652343750e-01
4.032138984736763909e-01,4.064819514751434326e-01
3.228448129396173094e-01,3.986119031906127930e-01
3.651901803724837414e-01,3.642941117286682129e-01
3.237684535044280665e-01,3.723531365394592285e-01
4.191567377880200951e-01,3.662808537483215332e-01
4.052218127450042395e-01,4.155969023704528809e-01
5.873025679678982591e-01,4.639580845832824707e-01
5.938761703823374205e-01,5.854521989822387695e-01
5.995879142095454917e-01,6.457598805427551270e-01
5.556053243708278799e-01,6.317275166511535645e-01
5.671122176949761062e-01,5.204938054084777832e-01
4.297152777563253423e-01,4.567528665065765381e-01
9.089055631581688388e-02,3.943805694580078125e-01
8.558039534287464889e-02,2.686171829700469971e-01
1.774409287066869290e-01,1.943409740924835205e-01
5.339816322180679364e-02,1.856406480073928833e-01
1.388858855983121643e-01,1.436290740966796875e-01
1.330011522338820917e-01,1.613074541091918945e-01
7.871023943605459650e-02,1.859131753444671631e-01
1.836345719590140035e-01,1.956936269998550415e-01
1.951630889753150910e-01,2.205803692340850830e-01
2.164222674603593077e-01,1.949144601821899414e-01
1.333872895937529002e-01,1.724076420068740845e-01
1.192052366404201535e-01,1.375936865806579590e-01
1.273357448898582156e-01,1.224493384361267090e-01
1.447953317537740148e-01,1.152980700135231018e-01
1.430839709748270572e-01,1.255301833152770996e-01
1.772277808840385660e-01,1.415889263153076172e-01
1.590206320914129279e-01,1.895712018013000488e-01
1.210092703857355012e-01,2.302362471818923950e-01
2.849631933868570499e-01,2.468938529491424561e-01
2.769253581037878220e-01,3.277224600315093994e-01
2.673089932935663882e-01,3.600323498249053955e-01
2.290165235899039864e-01,3.432261347770690918e-01
2.672286767227132209e-01,2.965653240680694580e-01
4.379415480710147079e-02,2.758430242538452148e-01
1.601018166990506586e-01,1.858628690242767334e-01
1.333378640116893443e-01,1.748806536197662354e-01
1.144511134656909235e-01,1.582533419132232666e-01
1.047544320846167665e-01,1.583451926708221436e-01
1.446130749199152632e-01,1.598079651594161987e-01
1.884659226057165959e-01,1.890947818756103516e-01
1.342553263787422679e-01,2.256155312061309814e-01
2.789054704852049760e-01,2.236317098140716553e-01
2.374652090238758007e-01,2.555503845214843750e-01
1.785344697098412148e-01,2.386228144168853760e-01
1.384317880631042996e-01,2.065224200487136841e-01
1.348113641769557169e-01,1.740945130586624146e-01
9.047352796715690815e-02,1.615720689296722412e-01
1.052363315097353258e-01,1.459281742572784424e-01
1.045011259765415979e-01,1.313164383172988892e-01
1.240674782759123573e-01,1.410671621561050415e-01
1.099719200911901673e-01,1.616578102111816406e-01
1.303105471103025437e-01,1.895455569028854370e-01
2.771786642118629906e-01,2.155666053295135498e-01
3.082055733521977814e-01,2.746503055095672607e-01
2.815713628177523020e-01,3.019052743911743164e-01
2.351947213478355891e-01,2.889458537101745605e-01
3.394703431062127130e-01,2.434064149856567383e-01
9.456967308066577260e-02,2.625923156738281250e-01
3.938879089580775705e-01,2.021948546171188354e-01
4.304041468063353193e-01,2.872449159622192383e-01
5.155829592949441320e-01,3.806530833244323730e-01
4.231416753418861809e-01,4.705868363380432129e-01
3.844723355749897209e-01,4.830984473228454590e-01
3.474865546971295238e-01,4.702842831611633301e-01
3.450214537917140056e-01,4.380311667919158936e-01
5.059665944847226982e-01,4.192719459533691406e-01
5.257553619033794590e-01,4.594279825687408447e-01
4.529298558317553791e-01,4.920256733894348145e-01
4.164846672577140474e-01,4.881873130798339844e-01
3.595618422150077542e-01,4.749796390533447266e-01
3.739879339797784752e-01,4.287994205951690674e-01
4.316737664455900791e-01,4.074421823024749756e-01
3.805399127020661076e-01,4.245216846466064453e-01
4.568190313203732700e-01,4.307143688201904297e-01
3.865914574059603481e-01,4.596540927886962891e-01
4.493804812198232135e-01,4.708507061004638672e-01
6.479168661709691079e-01,5.062810182571411133e-01
5.363046345750484001e-01,5.933191776275634766e-01
6.553585053703985253e-01,6.002395153045654297e-01
5.644463253624287802e-01,5.988864898681640625e-01
5.404965417538050154e-01,5.306006669998168945e-01
3.972828286260612352e-01,4.702936410903930664e-01
3.933009801710745101e-01,4.257528781890869141e-01
4.602170400872358513e-01,3.825291097164154053e-01
4.571063175161174108e-01,4.032667279243469238e-01
4.566676654753041298e-01,4.220963716506958008e-01
3.600869890244315918e-01,4.477214217185974121e-01
4.152737404971595936e-01,4.299517273902893066e-01
3.508104250908972155e-01,4.406406879425048828e-01
5.430419592300728127e-01,4.285310804843902588e-01
4.876327926380592537e-01,4.687210917472839355e-01
5.242108124638962252e-01,4.630760848522186279e-01
3.896527543950156769e-01,4.679121673107147217e-01
3.431679944643346580e-01,4.068775773048400879e-01
4.410677161365255117e-01,3.750885426998138428e-01
4.439313107973270611e-01,3.924328982830047607e-01
4.134202811697798019e-01,4.056033492088317871e-01
3.299868095477864749e-01,4.293013513088226318e-01
4.360695541503591954e-01,4.068687856197357178e-01
3.809136936664203610e-01,4.672958254814147949e-01
5.830952152947461720e-01,4.829786419868469238e-01
5.457603662435630554e-01,5.634498596191406250e-01
5.495630469635703896e-01,5.725570321083068848e-01
5.823909007503416113e-01,5.374987125396728516e-01
5.335151782873417403e-01,5.105746984481811523e-01
4.020771100862168268e-01,4.765943884849548340e-01
4.271451474890257671e-01,4.250558614730834961e-01
4.885626114006282883e-01,4.241068959236145020e-01
4.054936534463529085e-01,4.414084553718566895e-01
4.393748899508524985e-01,4.283663928508758545e-01
3.648163994081285999e-01,4.356159865856170654e-01
4.710752226468017945e-01,4.329990744590759277e-01
3.783034051136944242e-01,4.648748040199279785e-01
5.006626117095378525e-01,4.533810913562774658e-01
5.245135441540349497e-01,4.670275449752807617e-01
4.766510461233353091e-01,4.741141498088836670e-01
4.483240094032168166e-01,4.540505707263946533e-01
3.837216845474005211e-01,4.413002133369445801e-01
4.390443563708030794e-01,4.082938730716705322e-01
4.478328426814615071e-01,4.131602644920349121e-01
4.296967431630518419e-01,4.337813258171081543e-01
4.345157374142387674e-01,4.486046433448791504e-01
5.020712407983469738e-01,4.674261212348937988e-01
4.236977131400996299e-01,4.987449347972869873e-01
5.680173236665133629e-01,5.066230297088623047e-01
5.764104053206637879e-01,5.780025720596313477e-01
6.110731838415413009e-01,6.134030222892761230e-01
6.502892941100153479e-01,6.065971851348876953e-01
5.577738717838620630e-01,5.930059552192687988e-01
3.744327642183500338e-01,5.185658931732177734e-01
4.513513263046036172e-01,4.216940999031066895e-01
3.577269174809019070e-01,3.934180438518524170e-01
4.178098906767906406e-01,3.701656758785247803e-01
4.195490533456482929e-01,3.839779794216156006e-01
4.042765484880406213e-01,4.062069654464721680e-01
4.064574522965904713e-01,4.203059077262878418e-01
3.469984770742531310e-01,4.406635761260986328e-01
4.733766013116311733e-01,4.278896450996398926e-01
5.402988394255512361e-01,4.412292838096618652e-01
4.298944454913056212e-01,4.547449052333831787e-01
4.050673578010557385e-01,4.214599728584289551e-01
3.966680979491470360e-01,3.948208391666412354e-01
3.343980427469501748e-01,3.764843642711639404e-01
4.709918169770697105e-01,3.494973778724670410e-01
3.700647784034920562e-01,3.894195556640625000e-01
4.286032021598980002e-01,3.891478180885314941e-01
3.908729484522068809e-01,4.373285472393035889e-01
3.769380234091914694e-01,4.629616737365722656e-01
5.551975633188042103e-01,4.826267063617706299e-01
5.507369045375773986e-01,5.733025074005126953e-01
5.570232207562733073e-01,6.106178760528564453e-01
5.347755306299597500e-01,5.770990252494812012e-01
5.263577361847775471e-01,5.131210088729858398e-01
4.454882166323264059e-01,4.536181092262268066e-01
4.085117030511029590e-01,4.045476317405700684e-01
4.060188002557776343e-01,3.904912471771240234e-01
3.752081280369705674e-01,3.904724121093750000e-01
4.666176529644538995e-01,3.983379006385803223e-01
4.050148431201137100e-01,4.423761963844299316e-01
3.379813974465508686e-01,4.434219896793365479e-01
4.184802251335262291e-01,4.175380170345306396e-01
4.772348858114598968e-01,4.322980642318725586e-01
5.393257732786764791e-01,4.540033638477325439e-01
5.440551836623739312e-01,4.882469475269317627e-01
4.424670779286974387e-01,4.968487620353698730e-01
3.911509673513138274e-01,4.695133566856384277e-01
4.040695788631500918e-01,4.284100532531738281e-01
4.174700898001044713e-01,4.175179004669189453e-01
4.413457350356329023e-01,4.137267470359802246e-01
3.697867595043846656e-01,4.344928264617919922e-01
4.117181876874695945e-01,4.393557012081146240e-01
4.774974592161718157e-01,4.623337090015411377e-01
5.440984310466792095e-01,5.092352628707885742e-01
5.629790033949197969e-01,5.730270147323608398e-01
6.608262103861686221e-01,5.921009182929992676e-01
5.550029500894293477e-01,6.211283802986145020e-01
5.069025914450495662e-01,5.579034090042114258e-01
4.061269187165414962e-01,4.924494922161102295e-01
1.823649523197587996e-01,4.147529006004333496e-01
1.595241552086839043e-01,3.007982373237609863e-01
8.403584590339185922e-02,2.414797693490982056e-01
1.357504502361619458e-01,1.740640997886657715e-01
1.138332936898978076e-01,1.459891647100448608e-01
1.504514718011611407e-01,1.397007852792739868e-01
9.753829710335182313e-02,1.732247471809387207e-01
2.267213231228319970e-01,1.780943274497985840e-01
2.792020239775854229e-01,2.094241380691528320e-01
1.115535387172208459e-01,2.097586989402770996e-01
1.423302308483593848e-01,1.547995805740356445e-01
1.692486384796696441e-01,1.350919008255004883e-01
6.265928166094658636e-02,1.490084528923034668e-01
9.363985431809718207e-02,1.157712787389755249e-01
1.057583892202806908e-01,1.188978254795074463e-01
9.325680605710529036e-02,1.376205384731292725e-01
9.047970616491429752e-02,1.467048525810241699e-01
1.064596146658058906e-01,1.632996797561645508e-01
2.927847917483994422e-01,1.972073763608932495e-01
3.163607943926680655e-01,3.028048872947692871e-01
3.095029948813632359e-01,3.684044182300567627e-01
2.980547944359153156e-01,3.573547601699829102e-01
3.291280400594343014e-01,3.226376175880432129e-01
1.956511665981919279e-01,3.063444197177886963e-01
1.265078663902956535e-01,2.601564824581146240e-01
1.733972982741200930e-01,2.225628346204757690e-01
1.360655383218163372e-01,2.194476127624511719e-01
1.123350807335992130e-01,2.042962312698364258e-01
1.185071002937734264e-01,1.927044987678527832e-01
1.578838437039533638e-01,1.940135061740875244e-01
1.746792743088918520e-01,2.196312248706817627e-01
2.299061840670457713e-01,2.433164417743682861e-01
1.937112125022006914e-01,2.723382115364074707e-01
1.902452435600010539e-01,2.526333332061767578e-01
5.165282235519086385e-02,2.166652828454971313e-01
1.337301795693175421e-01,1.361741125583648682e-01
1.312094748840815228e-01,1.162896901369094849e-01
8.162634877779773035e-02,1.165959611535072327e-01
1.378881066604060734e-01,1.074083000421524048e-01
1.372671977857340408e-01,1.146075576543807983e-01
6.534988678452657851e-02,1.451793313026428223e-01
1.084242815528280168e-01,1.544683724641799927e-01
3.134477741498029602e-01,1.857917010784149170e-01
2.377432279229827472e-01,2.830421924591064453e-01
2.618690901677074301e-01,2.940173149108886719e-01
2.671607165473761647e-01,2.757611572742462158e-01
2.602380459596131956e-01,2.616678178310394287e-01
1.458796054602911063e-01,2.555740773677825928e-01
4.429242645627842201e-01,2.174697965383529663e-01
4.551323833324580903e-01,3.162115812301635742e-01
3.966341178614785079e-01,3.957382142543792725e-01
4.276733833973294097e-01,4.215909242630004883e-01
4.393872463463686096e-01,4.640573561191558838e-01
4.038687874360169516e-01,4.858614802360534668e-01
3.815963845186725045e-01,4.665249288082122803e-01
5.108844399000367353e-01,4.470334351062774658e-01
4.831072627803743025e-01,4.705715179443359375e-01
4.794559479054365525e-01,4.653242230415344238e-01
4.164167070823769912e-01,4.733398258686065674e-01
4.012739443776855985e-01,4.533833861351013184e-01
4.147609500832509788e-01,4.366927444934844971e-01
3.507517322121964654e-01,4.414778351783752441e-01
4.017465765061674077e-01,4.165671467781066895e-01
3.244696789499537104e-01,4.221121072769165039e-01
3.694994733086414129e-01,4.123109579086303711e-01
4.049592393402918766e-01,4.361405372619628906e-01
6.089139037251443121e-01,4.784617722034454346e-01
5.838458663223349276e-01,5.771694183349609375e-01
5.672913854299563852e-01,5.958377122879028320e-01
5.499800753122308095e-01,5.643370747566223145e-01
5.546569710149853449e-01,4.965041875839233398e-01
4.566583981786673796e-01,4.557994008064270020e-01
3.672444311269957851e-01,4.141889214515686035e-01
3.813616130038708363e-01,3.730787038803100586e-01
4.477988625937929790e-01,3.816117346286773682e-01
3.955065967706556940e-01,4.229381084442138672e-01
4.801355496588093352e-01,4.233935177326202393e-01
4.338577593530188459e-01,4.635097682476043701e-01
4.510671292077388372e-01,4.792385995388031006e-01
4.452997816007093768e-01,4.837890565395355225e-01
5.448336365798729375e-01,4.745025932788848877e-01
4.740747376582774564e-01,4.973672628402709961e-01
4.347875781155878805e-01,4.653613567352294922e-01
3.947744803363413268e-01,4.398860335350036621e-01
4.165155582465036588e-01,4.031632542610168457e-01
3.672475202258751459e-01,4.010117948055267334e-01
3.444746832901377509e-01,3.852215111255645752e-01
4.138373095184402217e-01,3.733093142509460449e-01
3.973631451969144024e-01,4.234814941883087158e-01
3.751216332683591226e-01,4.551762342453002930e-01
5.015924304721068872e-01,4.655966162681579590e-01
4.647827282303480523e-01,5.154697895050048828e-01
5.833546996005796181e-01,5.163623690605163574e-01
5.544901596755207329e-01,5.294131040573120117e-01
5.415622808670486066e-01,4.846667647361755371e-01
4.161448663810283222e-01,4.430041909217834473e-01
